id,name,sum,amount
daabd75e-c593-4470-8835-763a739e079b,Mydeo,2483,14185108
cfb9ffa5-4e72-4bf8-a2a6-402130c4e96e,Kazu,2661,97816049
7841f45c-3ee7-4a31-a1a3-7e5c6c5d9d31,Flipstorm,1121,26303931
38b02256-6883-47ad-801e-6b7934c2bcc0,Quimm,605,90219452
78df03bb-56f4-4f2e-8eb7-75e94f79b4b2,Realpoint,3593,66062751
981020fe-d8bb-4274-a918-f05ad5769271,Zoonoodle,4318,29967019
91fe43db-2ed5-42ec-b247-fd49cff485b5,Flipstorm,3794,86912301
63535cce-56be-4ba8-82b2-a34e5c450999,Photobug,2496,4559877
d981348f-a00c-42f7-9e75-81e2507a0acd,Blognation,1449,69714769
6e059373-e385-49e0-a9bb-60bd6e5c222f,Tagpad,3754,21991940
3f6e5703-148e-4110-aa14-4da7be0a852a,Oodoo,4950,21454767
3653dfd0-c654-4e3e-a447-96b2f1e56333,Zoombeat,2671,30833154
e155121b-1da2-496a-984d-70b7c920eaea,Digitube,3078,51453487
93fc4196-f56b-486d-8d6a-5d35f1a608c4,Twitternation,3960,21379815
a67449d4-44c8-456f-9455-625b6eb263a1,Youopia,2956,22694826
47507531-0ff3-48f9-9c3f-bc8582cc14af,Topicshots,2410,94967496
2e0d29a5-f78c-4122-beb3-220dd9ce8b94,Mynte,2967,3971880
84af261d-a5b4-44a7-aefe-9a6543b80f8d,Ntags,3832,68246053
43a31cf7-8686-44aa-a5e7-39ab7cbb269a,Linkbridge,2147,61588136
8c8696d7-2e3d-4208-b60e-f5478609dc25,Innojam,262,34731245
a6a25db7-a263-4de6-8009-2ffd9e95337a,Plajo,199,57982578
a7df6e5e-cbb0-4245-994e-4d5dd2d6daf1,Quamba,1664,97991239
09ed909b-cd24-4846-b4b4-ed4947dc1c42,Oyope,4640,86985900
3d0d9954-3f38-4a58-bf9a-5153d9a5480d,Voonte,2048,82357223
ed1eb5db-f526-4071-be04-dabf5d48e564,Voonder,411,89745270
c42937b9-c58a-4a5c-85a3-428d120a9a6d,Gabvine,3948,55242575
f9a90129-a4d3-484f-b901-44e57d9db192,Yacero,47,10143746
3e5adc12-d880-44e3-b333-8025fc0cab09,Voonte,4193,49563084
fc51d196-39a9-4f29-9d4d-365a5b59a443,Eimbee,4243,24294197
5e327672-34f7-4ed5-a629-281ba63ecac9,Leexo,1119,45556673
9403d8cc-ced2-40c5-8b5d-298d4c18b287,Thoughtbridge,3915,28722273
dd3de185-53e6-43f1-bf25-470e015e44f0,Jayo,588,49810703
fdcf1b1e-c76d-41c6-8667-efecc6c99a70,Jetwire,653,68645998
f98d3e1b-5326-4d48-ae31-0d29aa8d476e,Riffpath,4570,22759691
8eb5219a-ff1f-45fd-bb08-a0133418b339,Oyoyo,,
b2ed12ab-2100-4ce2-8e51-d0c98195d2f9,Browsebug,2154,52061974
bd7fb2a2-c28d-44c7-9e5b-82b96a26be2f,Skajo,4639,889191
f900df2f-9d69-4b6f-a84f-8067d1bcd001,Camido,4692,40998551
0b4163dd-b4ae-4c29-ae58-dcf06bc6c656,Zoombox,1318,32930795
5d6cefb9-fb32-4a2c-97bc-1c06ab493a4c,Dabtype,4634,53355485
c86ffa56-098c-4d23-bea6-ce06066790e7,Feedspan,297,81054064
6f5d2d69-1f83-41fd-b315-3fe56fb896bf,Talane,438,15763581
d115aa8f-79b1-416a-8638-a244bda62776,Zoomzone,4309,91040453
1ef7b4a8-edd2-438a-aad2-58b16841ae1c,Tazzy,3548,39529562
04a85902-57a7-4d47-b9ea-f83bca39b160,Mynte,4289,3147343
77e353e3-213e-4ea7-9712-fe65dd4795e1,Shuffletag,2257,4600245
b1380e47-2ac2-4f65-b836-21beae143616,Devcast,2428,67188182
3d60cc87-1768-4fa1-bc36-8392c2e25df0,Skilith,3956,64942470
3cdf1ec0-b90a-4114-99ef-0ae1173b5125,Tagcat,270,99725339
d176d58d-fa82-42fc-bd29-6827ca57434a,Digitube,3601,45923768
c8ded364-5df6-4fc8-a747-d1e34407e493,Browsedrive,559,74481728
0e31d746-b9e3-490f-a306-79c01b1214c6,InnoZ,4264,72867044
0da4ce30-832b-4241-a3e7-6dfac88840a1,Leexo,2581,62597814
0292d83a-8147-4513-bd47-b5c3cf74742b,Teklist,4136,52398109
d3e8796e-c45b-44ca-8e3e-5b923f5706c8,Quinu,1569,2307630
cd281daf-b269-49ec-8024-1c5909e3b5de,Tanoodle,2155,56100742
beb56173-1b77-4e0f-ba5d-c0b963dc6a3b,Yozio,3170,90054887
25661dc9-c4c1-4c6a-a824-764479fb8a06,Fivebridge,2761,55252867
b62944b1-85d3-453a-91df-692c353320b6,Mymm,,
a57bfeeb-8824-42fb-ac25-eb5c573c77ac,Jabbersphere,3675,95092359
aa54fbc9-b429-41a3-ae8d-f470dca74516,Twinder,2844,75594372
8573f3d4-b8e3-4d36-89f6-50ec2aecedd2,Topiczoom,4409,3717018
0afd3933-dcea-4a45-b8fc-41be61326a4f,Vipe,3794,92350929
cfa5a170-f0f7-4cb0-8536-b1298ed5799b,Buzzbean,1797,25772256
a3d98584-981f-405a-93fb-fccedaffc12b,Youspan,4923,52268406
bf9802fe-c14b-41bc-94ff-78e8236354dc,Photofeed,2121,66311732
a1f0635a-d2c2-453e-b496-2dbab33654fa,Browseblab,3282,36120710
57bc0529-1e90-4107-88b2-6d4ef3c7ebaf,Riffpedia,2127,90157390
eff15cb4-bd33-4839-b132-c6fd76e93c38,Layo,3663,1149135
67eb1f80-5fff-4388-bca5-dfccfe55c970,Trupe,3861,59877546
bed3669c-73a6-4751-9329-088d0ac50c0f,Realcube,1721,97888561
100eda03-40d7-4520-9f4d-11e8d066ad16,Skyvu,4827,2553706
ef7b338b-8004-48dd-9f50-e7bf03619602,Jayo,3372,38191278
7ec61126-050e-43e9-82c9-e0150cbc3075,Trudoo,1511,46074632
39a2bc32-00d8-4999-bc9c-86656e676719,Roomm,4583,2841534
d0cb3628-a50d-42ed-b715-00e0855bead6,Feedspan,600,52949431
7d5edf1e-1264-44b2-bd5c-b469e31bfd96,Topicware,4388,81415202
a358c66b-5c91-423e-ab79-f219b639771b,Buzzbean,4360,1624796
4fe5549a-7b24-479d-b866-35255d0d2020,Voomm,140,93196951
faf22133-ebaa-4bcc-9e4f-eb91359675c1,Avavee,148,28780607
9b4a0c2d-3fdf-4b50-8b42-54771f31369f,Voomm,3591,83955591
42977140-cbe4-40e7-8e24-8629071f6a3f,Podcat,1345,39017725
cd3ba333-3b3e-491d-bac1-58fe419f51ce,Brainbox,1489,74575819
ed4ed0a6-a131-4de6-b99a-683c3bd28fb6,Realblab,252,90366847
195fbaca-7f18-466a-b0fa-94d5a63effd4,Devcast,3267,86944299
4abb6bf3-e9d2-47a0-bb92-1b6fac2555ae,Miboo,2387,18026536
74681479-42b4-4320-a51e-b9a4c09a0f4d,BlogXS,3433,75135500
711a9f6a-607d-4064-a4ae-ac1fdfa6724f,Ailane,334,19704427
efcc07b4-ad62-47f4-8618-0dd50bea158f,Centimia,340,76799622
f0e6e505-aa12-4a60-8e5b-c598e6f32984,Fliptune,527,55732853
a065d649-1b58-444c-af41-5904660873e9,Yozio,2754,83094425
6a956193-3e1e-4dc7-b4ed-b81e13f5099b,Photobean,4278,35093665
174c7437-36f2-4111-aaa7-0b1d4a5af3f5,Dabshots,1899,93181292
9a0a00d1-1c5d-4351-a6e8-b763d1de25ee,Gabtype,2740,36505053
f2fccae2-f23a-4f7c-8d2d-a13e81678f90,Avamba,755,94894390
e841b913-c439-4f4c-8811-d42df04d0497,Eidel,801,19852232
04a2b2a3-5a33-4d20-94c7-8aa38713d742,Oozz,4659,37758162
7f211468-76ee-4e07-a17a-6d9c8928bcfa,Yodoo,4468,38375375
ca5ff46e-fceb-4504-9865-c47e2efe71e7,Gigabox,,
7b9d6a5d-ce33-4f50-b42e-bd3a451f9ab5,Wikido,667,30128871
598cb2a2-b4de-45b7-95a9-abbf712a3fd3,Quatz,2940,85955393
0ddc06e5-e714-45f3-be94-b91bfc7166c0,Eidel,2149,24435793
46ca002d-c596-40f4-84f6-8d5f34ece59b,Plambee,4011,21887833
66878075-8e6e-465c-86db-9594d2577b06,Zoomcast,2350,19471710
5006a24d-731d-4e4e-a695-781985e065fd,Voonix,2234,71743528
058a9b79-c0bc-4223-ac00-bb0930b53abf,Myworks,1926,95258785
64ab6097-df65-41b7-953b-7a7b9a212be4,Gabcube,2261,51402153
d156afdc-56a6-4de9-b347-2d713b9eb787,Thoughtbeat,4297,25240148
c221b377-3fa1-4b59-9d5a-0b75299d0d2f,Fivebridge,,
cb67e779-350b-4da6-97e4-47b6f78b84cb,Topicware,3703,37844529
4ced8e6c-1e97-4d6e-8e65-e498e238e138,Vidoo,1899,697818
fc961c10-57d2-49fb-a726-5265a49b3640,Miboo,700,98835457
c756ca62-13c3-4ae5-ba83-ccbccbf833cc,Snaptags,3250,47170284
eac584df-bf1e-4131-b3ad-6c5a726c3873,Oloo,1193,40283126
8f320b96-a2f9-4dc2-ace8-8c5a363dd828,Wordware,4650,98609600
6bb968e3-b975-4250-aabf-a98279fae438,Layo,3733,34985265
60557c38-30b7-46c0-bee7-779c4fb0763a,Skimia,3511,22946625
bbb335de-a5a0-4bee-ae0d-e957a777f3a5,Youfeed,2100,6947285
f73f48e2-c84e-4e1d-91cc-bb1d6e287719,Twimbo,516,69206934
1ba3db6f-6412-4a42-bfe3-bbd06aea17ed,Kwideo,1623,98919287
1675bb7a-d857-4216-8bad-56d56f051374,Yabox,4511,54136967
e64c326c-5392-4945-8d58-0e7039adb394,Livefish,2608,4416869
e8eb9b8b-ae23-4f6c-bfda-9263095d1c41,Jayo,1272,72350358
1f4f6f9b-8f04-40db-83de-1b877cfa3b80,Kwimbee,4730,74734230
824f7cff-0f60-4c72-bd5a-e2a48c2b4adc,Fivespan,3377,30975250
927c7b0b-0e6c-4900-8a33-d8e3ce4f6f08,Ainyx,2950,29797662
46f07d43-1288-4f7d-9e3b-0b18f4c0b076,Yambee,336,96329528
5f66545f-0345-417f-92c5-057486a7f9af,Livetube,3013,96363202
d4a4c13b-0f66-44e8-bc20-7491cfb9f6c8,Thoughtblab,3589,46213328
55b8b68a-fa8a-4d49-bfb3-42f47d06be7e,Myworks,272,80840194
a0001f2a-2560-45fd-b746-704d6854e432,Thoughtbridge,1778,49042964
2abbca99-b5d9-49f8-be1a-2d25516a36af,Ntags,1635,68585471
6e2df55f-0a60-40e2-90e4-3464860b1a8e,Skiptube,1719,19025046
4a1571a1-59a3-4664-b449-afb80417b602,Vinder,2277,50831671
5b70c75e-205f-4035-b2bd-f9d654c4ed30,Camido,1474,74361891
3bf86f3c-74ad-4757-9620-bfb077d48434,Ozu,4718,94756426
1f4380e1-84a2-45cd-a3cd-6b0af91ebf2c,Pixoboo,4202,43987550
885dc290-f0f4-4ced-a5f0-a32f2cfc5970,Buzzbean,121,95285039
cc4338cb-25ab-4bed-896b-c07a156907e6,Mudo,1299,34454969
8e75f469-f750-4cb2-a810-033b4f32c808,Oodoo,3616,80046305
8147f498-c8e8-4cac-88b5-bc1714cd3bf8,Riffpedia,2263,45061915
1e2c9a0b-40e3-472e-841d-fc4f607ee56e,Shuffletag,4131,40755421
78ba1721-9b93-4ec4-a847-d6c757ea9863,Zoozzy,4001,55399913
490886fb-e699-40f1-901e-2fa30259d5a9,Ooba,2894,50417441
b9f07927-9b23-49f0-b320-874c16605f9d,Gabspot,2426,2541164
bc14844e-1a63-45f9-ac51-e0d94b63f903,Edgewire,1010,72118807
415615d1-f026-4990-be5d-f9f1d0e2fc1f,Thoughtworks,689,68662128
ab6667b9-4624-4671-8bc2-9f5e2b738ffe,Topicshots,2001,36406490
f16f4522-99a7-46e7-b931-b02a58a37532,Viva,791,78005809
932d4b86-0b25-4500-8c60-080f1ecc2c51,Feedfish,687,22370737
87666bd0-da3f-41dc-99d4-0611fbc65d9a,Leexo,689,31037438
2e851d6c-e752-480f-a480-5d7e4b6e4ea6,Viva,4090,886427
d521ad5d-d693-46a5-b2dd-cac4da3fb754,Feednation,1582,56392298
70a800b1-8784-4dc8-9992-72589fb4b8a0,Mydo,3756,73009227
836edbce-1e7b-458d-9111-7fa14855f347,Skilith,4790,97889780
ff5171ac-509c-4e9e-9f2a-a88ce825900e,Vidoo,3708,20961537
5872f440-6855-4568-bafa-3e707fdad673,Myworks,221,25699734
464b30d8-1ca4-4276-90ad-eb853a28892a,Photolist,3758,57455427
52f9a519-9666-43ac-959e-a9915c7b78a0,Realbridge,1406,86986203
bc98415d-d39a-4b7d-8c7e-849bbe726915,Ainyx,4156,15991895
7266144a-eceb-4753-aa88-6b058d736df7,Edgeify,2305,56596944
12dfd39b-e94d-425f-8f63-78bfc4af79fd,Kwilith,4007,7069105
b2336128-bbc5-4aca-aff9-12962d768f62,Avavee,4537,94216672
3c1c560a-5eaf-4a5d-b0b3-d7ea238343a4,Camimbo,3292,35123017
33b6dc87-6515-4c06-8969-b523447b13ec,Gigaclub,3795,47897502
76e1fc7a-9db8-49dc-bfb9-97ce0476609c,Dablist,4477,81953869
e2243cf9-8fcd-435a-9bb9-3dbbba792390,Gigaclub,913,60660316
9707e13e-12a3-4dd7-8809-89a38cf52497,Tagfeed,,
1731417b-c4a2-4b49-8764-e0228dd1e294,Jabbersphere,1800,3181604
23e7a994-e865-440f-ba0c-64faba77a93b,Ooba,2762,91780770
3426fd2a-bd09-4ba8-98dd-b5ef0e90fd18,Meetz,14,27268831
c71fce2d-9997-43f8-948e-d8d5bdde17f7,Edgeblab,3578,3271186
b0645d2b-8aaa-49bb-9308-b7542ddea0ee,Devify,1378,41688229
f58c7123-fa61-402f-9eaf-25a89bed77b6,Eayo,3175,20985370
c3a26088-5f6c-4d89-a9fc-f3219ccc4b3b,Mynte,442,28378894
2c87d69d-0899-4df1-a631-6cf1481e179d,Aimbu,2182,7912098
71124963-c370-42d7-a220-a0c3ee188f9a,Izio,3468,17059344
d446a3c5-8c68-4855-a31f-23c6914eeece,Myworks,1915,93882365
96033f4f-8fed-40bc-b159-0c613f042615,Thoughtsphere,2482,48932517
4d4a6d74-e94f-4763-983c-5173a4b7ab87,Yabox,1341,97112830
9dfb7e48-b0ef-4453-9b8f-47e84752659e,Thoughtbeat,1305,85783968
1f4bbe47-ac44-4fdc-a003-efe3fb8b98cd,Jetpulse,304,78652702
0351ccf3-cb6a-427f-8388-20b5603076b7,Jabbercube,4371,82258864
b5968d62-8e9f-47a4-a8de-39bb491f6224,Cogilith,3944,87469183
883747b3-140d-4ad1-804a-6735cb6e6da7,Bluejam,4180,28885624
35127ed5-f41b-4bdc-a8ed-8a55b7680ed9,Kwilith,1182,76437546
35ca32f1-66a6-4683-8eae-d731dacff6ec,Gevee,,
db7bb2bf-31d8-4e3e-b48e-02df89496085,Wordware,192,49222609
40baf9dc-83cc-4341-95f4-981cf1911718,Skipfire,4024,30315550
028836ff-d1c2-4c2b-8877-2f428ca585d1,Thoughtmix,3034,23212301
9e2b138b-5efe-4237-b606-7d724d378458,Kaymbo,3971,44647862
ad1491e8-3566-4368-b8b0-75775fa04968,Rhynyx,1908,72204539
5da646b6-89cf-4d00-982a-ae86968f2e26,Gabvine,605,36111016
8142a2aa-b08f-44c9-b141-fcb9e762ef74,Kimia,540,40708107
539c5994-d895-4cde-ad90-af869232c63b,Chatterpoint,1682,22530748
71181fde-8c4f-465b-a8b2-21a900d36ce3,Kaymbo,4181,50287833
019cefe9-4e97-46fa-aa2e-401c49df8ace,Eare,2536,51452509
769d5915-e30d-4fde-bb77-a7bb1a94dda9,Topicware,,
ae4dba0c-a82c-4bcd-99ea-fe62492c8778,Wikido,2804,61737109
971cc002-b56b-40ab-a820-3d04576019de,Blogspan,,
26730c01-5927-44ed-9ab9-cdcd3c178bda,Trupe,1997,72091618
7cecea9f-f3c4-41ed-9aad-b3051f55d7a0,Yadel,2895,63277456
8e702403-75c3-4072-8d59-84fa68813358,Flipbug,3924,8779045
81725622-efbe-4d60-9bfa-f9638f661a4b,Skibox,2500,45919415
f67b40a6-078f-44ef-96ad-0994523d5a2c,Ntag,1116,17138835
6091ed3c-6022-49f8-a227-eac556e2e0ff,Livetube,1205,94031604
1c14b5dd-6db0-4589-9a15-0618fc7d0d94,Centimia,3790,45245335
b9d8f0ae-8a8c-4d16-93fc-4a87025259b9,Babbleset,2951,81093450
d1c187b3-60fc-4caf-b8da-6e862400d578,Jatri,986,97793885
f7914402-3a94-466e-9c21-029115105e58,Bubblebox,2161,8184777
3f6d03b6-2cee-41d5-9c92-88b02c8dce4c,Quinu,621,2139420
e89858b8-51d8-4bf4-afa8-283922b8d23a,Thoughtstorm,473,8826049
a14954c6-8ce1-47d3-895a-feb14bc9dd83,Eamia,3479,41614836
564595da-d36f-4853-b0f5-34b94b301e2f,Abata,2726,10861556
31b9b73b-84f0-440e-be9a-6d5d2e90afdb,Bubblemix,3704,1772412
c653c710-ab30-4d52-81ca-a75774a77911,Thoughtworks,1189,36448555
6a90ff02-1bbf-45f6-a633-274d98686298,Edgeblab,1210,26190014
36a28375-2acc-4183-91d6-9a49d1b670e6,Aivee,613,23063868
9530b9c7-c801-4de8-91a0-124d2682e387,Rooxo,3511,79664327
abadb921-0896-42f0-8e19-2723f05891a9,Quaxo,4622,63638664
4ab4e75c-d126-4bc4-8052-d2060df6aa88,Meemm,1481,88466313
f30b7238-2df1-4338-a635-05b3f1d99ba1,Topicblab,2710,49253824
411076fc-08c4-4b57-8907-b3172b5b5a9b,Dabtype,3032,46814722
66d39046-3163-4c0f-bcd0-c26723b70038,Npath,1961,34059108
3683fe20-16fa-4542-86e8-87b4f44c9dea,Riffpedia,4415,96952484
8a6fd4d8-0884-4dca-bec1-d6db77050b73,Jabbersphere,2347,44395611
ea8f2638-43b1-4087-a08e-f06188d669eb,Feedfish,3923,39880071
33956c84-fea5-43a2-a156-67911a5165e5,Quinu,1394,35942375
a5d9eebd-54d8-4ec2-84da-763969bda1d7,Myworks,1989,42565874
b2dc352e-ba73-4855-a651-a47446873740,Devbug,802,16475249
417dd393-24d0-4860-aacd-64cf5af2ed29,Jetwire,2675,90501383
1bb13134-f585-4cba-ba6c-a30fd90d8a51,Feedfish,3744,59357145
b3a70e84-54e5-4a3c-9524-582b949e78ad,Realfire,3589,61926761
f24f2523-caff-480a-96cb-f4186b7a1b7c,Kare,2473,53620661
39fbbab6-bb8b-4cc5-909e-d89511963fa3,Voonix,2055,681289
548ecdc5-667b-46e5-94f2-8fb4fee20075,Edgeblab,1706,55546132
4f151f33-f765-4241-987b-73bec3ebd8f9,Pixope,54,17656319
a41290ff-d34c-4c46-a155-86a62af81ffe,Flipopia,1727,65519437
94bc022d-61e9-488f-983d-9c10ba70e270,Trilia,1276,55702242
0bfe6d4d-4869-48d8-b1de-e8d051dcc39c,Demizz,4621,64757535
d84bb29d-1810-4cd6-935d-21cd4314990d,Zoonoodle,1212,14506806
388476ef-13e9-4f3f-8f32-ba78cca46e50,Oyonder,3303,94764440
a8146c90-4de0-4395-8776-cb4436dcaa4b,Blognation,3027,74944826
a3cbd206-2e4c-48a5-bf1f-6f529e4959c7,Quire,4347,59139290
6641ad36-6b53-4558-b553-4859ce63a774,Photojam,394,43031458
d952bc9c-bbcf-42c5-8780-b40251b41423,Einti,2325,61344981
4bf93c92-5581-47a1-aa6c-11d90f48df14,Shufflester,1554,47876057
db06bbb3-c165-4bcc-b375-abb7effe92a9,Dablist,2051,12660410
f221c82d-6b80-4d53-80de-b3fc30bca3f6,Edgeblab,3029,80292039
365a71df-e0e2-4ca4-8411-c11745a5197a,Oyoloo,2272,5476802
f92cbff6-fa04-4de5-80e7-1e90ff5fa7d5,Voonte,882,9378520
80d59198-3710-4ddb-8399-df31ecd9c8e8,Bubbletube,3070,43541712
e49ab8b0-2749-4388-8aad-96d6c4572161,Tagchat,4105,29642395
1ce3ef79-aa08-4af4-92fe-057ecbbef6a9,Skiptube,2949,34292742
362d913a-d2fb-46bd-8ac3-a0f3b9112561,Meevee,443,28394707
76ff5db8-72fa-48ed-936c-41f3cdfb0afe,Mudo,1572,18827214
e39521b7-38ce-4804-b341-0838a63edded,Roombo,1644,80507771
29c0450e-d767-4895-9301-9a31bd7b2160,Yadel,217,81371250
74c9bc2e-1bcf-443c-ac71-527878dfceb5,Chatterpoint,1218,19954142
f5585d4b-d633-4bff-8f38-0aa98e1e2b42,Topicstorm,3823,8171580
ea5c7734-b69a-4672-9840-c6f9e7ea99b2,Gigashots,1115,55449543
3262e506-0c3d-4a4b-80b2-ac80bc514198,Ooba,4845,86677521
072afdb9-a47d-47c4-8d39-60b7e6b07830,Reallinks,278,53205311
c22f7e8c-a05c-4b0b-a068-9391c4e8e31f,Skippad,198,51010106
d25fbd77-137a-41b1-a8ca-d25e6e2bf551,Skimia,4339,7361329
00fa3147-9054-41c2-bba1-4ae16cd4f8b3,Latz,2715,7988877
8b36892c-7872-4bdf-93cc-082c6bdc83b7,Twinder,3149,96232904
c962de5f-60be-44ae-8b14-70f708c6b45e,Leenti,1371,73969453
60f205d7-15f3-4f8c-9840-c52975fe3ce1,Meevee,598,84880608
da33934c-d786-4f98-9b88-5a40b969bc2a,Kayveo,1428,4193713
d2547717-cc7a-4d3d-82a6-cd60a5bb0b4c,Quaxo,318,45337329
3fe3a1a5-7420-4f41-8368-a63ad55c7c27,Edgeclub,2148,48772477
7c8e6212-75ed-4207-936c-3f9c0963023b,Kaymbo,1314,52473832
618fb8a3-2379-4d42-ba06-57556b44cdcb,Dablist,3515,60277339
8dc9acb8-3bc7-4dd6-8dbb-c26a88d39f3b,Mita,2676,35473426
f15f639f-ca51-4d34-aa97-6e9b5006a751,Photobug,1220,65139346
284cf1b6-c67e-4920-af38-3fa776e830cd,Jaxnation,344,71778633
c4812e5c-9aa4-409c-a11b-109ed787bb9d,Jetwire,1931,19745650
1738723a-72e3-4f90-8638-f8e3ba658cb1,Tagfeed,3901,51202193
0f11cb28-9cbe-401d-a3ba-5b58b2bb5375,Yata,516,16785400
78e8d12b-5e5d-4494-b137-a7f9f3a13d7d,Realblab,2327,51807376
9bc55216-4857-4bbe-ad2e-d79781423f6c,Zoozzy,482,33257770
03e1194a-bfac-4736-b924-03230caadc4e,Chatterbridge,2592,51090214
5856af2c-fc08-4282-9611-e8e2587168b1,Twimbo,2447,81922860
fe3a5e06-b66c-4619-999a-94030dd8de6f,Skipfire,4826,9492657
a011ee78-582a-4538-a48e-f665e0933e45,Gabcube,2206,58566507
23d7a1f2-1e84-49b1-8675-216de1aed420,Edgeblab,1419,16386506
8d6b436a-72f7-4cf1-9ca9-6d3dc8f494cf,Quire,,
2fd8797c-1a86-44af-8725-315f579f5fad,Ntags,4670,74256638
c2ae2a29-3f32-4eda-a4f5-cd306299d855,Voonix,337,50962883
a6f83299-6985-4357-a3a5-a1135ca9edde,Wordpedia,4868,56340680
080a6c59-4380-4398-b88d-01683210de65,Skipfire,2607,71627721
a53ff198-01c2-4df2-b4a8-576885c12482,Skiba,580,48447995
550b9167-1200-4ccc-8bf9-98eca330788a,Edgeify,116,9206270
3f4654f7-f6d3-43a6-90f1-aee16198b0ef,Thoughtstorm,2141,78113064
b9510687-ce43-4ab9-a065-8174e46ef98e,Mudo,3715,40905392
720951b4-f9ba-4d64-92f2-8ae861d41fa1,Photobug,4862,90057437
e6ecb0ab-dfd7-4bcd-881d-2f0b8dda6493,Aibox,1422,88458933
c851196f-b1d8-445e-83ea-7a7ad97b7e35,Reallinks,3988,45154706
4b7b63be-5246-4f0a-9f9a-68924914d941,Centizu,3865,76419371
a7250cd9-f5e7-4c6b-9fdf-7210a176bdd2,Blogtags,3597,13874498
8d4b3888-20e4-4fc7-8692-f9724b332aed,Riffpedia,3747,87370125
246bb137-0c72-4fd1-8b10-e79f6c25c12d,Jaxspan,4836,25560414
fb4017e4-529a-497f-8876-28f2b986a73a,Jayo,93,21889494
8b5b80e0-0616-45db-8969-f61cb8fa20d9,Bluezoom,658,59116797
04a4ce7f-b04c-4069-96fb-3230c2bd544d,Zoomcast,3220,88941350
f7563d42-61bb-4e49-94f8-31c865de5cc8,Layo,850,60630731
c92c61e9-90fb-4226-a505-786db51dd8f1,Riffpedia,4646,35844268
7262f4e0-f554-43ae-b51b-164e416f6bf0,Pixoboo,1412,55368559
ae7a7c58-c653-4b91-8c54-7cbf41ffbb77,Skippad,651,16141240
d043a757-789a-46fe-9542-5f71249b1556,Quinu,2726,88503956
0d3c4d70-7558-4dca-aef6-3045fae1d218,Katz,3095,95310666
07d8f766-4442-4841-acb2-de50958c44f3,Tagcat,2529,40831264
58ff21d1-425d-4fea-af93-4991208ea8a7,Skimia,2933,23323873
8b1d37bf-aacd-4282-a0d4-99cceb20d52c,Shuffledrive,362,89548048
1ec49748-01bb-483c-9472-add636e2a9e3,Skinix,2744,12201687
690b3b46-baed-4b2d-ba90-c1ed25205876,Rhynyx,1305,30584421
eb9859b2-805e-42c1-833e-a0a38447592a,Shufflebeat,2620,98947882
559fcaa9-1571-4404-84a6-faefd06d2dc3,Feednation,1082,8352486
4d5ecf5a-551e-4508-aea3-6d3f558cce86,Kaymbo,1232,62092203
55b12b49-2bcb-497e-8a79-441175e6c33e,Rhynoodle,4788,4519937
e192011b-2a66-4e1d-952e-0f2cde5adf8f,Mydo,1410,30770139
f1c10016-4a4c-4476-a631-10d6fece7e9a,Topicstorm,3954,58167360
112e5456-3d95-42f7-9ddd-df24188560c5,Agivu,2028,66398499
5f34ab03-232c-4736-8352-2b213155a2ec,Zava,4930,25166031
582d1b93-afef-4269-9c24-efc23f563b75,Bubbletube,1443,45723288
9f9560af-d5ae-485e-b91d-20bbf9723a13,Eimbee,2885,11451373
216a1f64-2c20-48c9-95e2-1ccfa43b8553,Photobug,2562,12263369
d8ca8dee-470e-447c-81e4-b2a0bfb54e24,Quatz,1003,88235
80772c11-3e30-4d07-8fe9-1c794c165ed4,Lazz,3384,44043776
bcf02d0e-fa64-4e26-b99d-5cb787700787,Mita,2864,51334347
eb58a6c2-dc97-4b19-8ff7-431155572164,Ailane,1578,51411820
ca8d8c25-66de-4c33-87b6-cb2e541d2f10,Youfeed,4897,20340664
f7036eef-dc86-494c-aec9-106aa0b06f52,Meejo,2703,41808568
ee250ee0-3c1d-4ccd-8235-22916fb49bea,Eabox,700,16951984
dd66977b-5a0b-4201-bef1-b5ae22c6d14d,Thoughtblab,336,44204545
8a4d6dc9-a6d2-44c2-aaae-d0a4e02d00fb,Jaxbean,3550,21237338
0684d643-e2fb-4d21-84e9-9d68d156d5f4,Tazzy,3370,17865964
f10e5aef-9d79-49a1-87fb-c196910848f8,Oyonder,4421,97333812
74609f72-1afb-4c37-8b9f-3bd6ba5f590c,Brainbox,3067,11586464
27da5441-f48f-4ae4-9486-6cf01c5d8790,Buzzdog,1771,67259238
161e5aa8-dc98-4475-9c7b-dfbf9f6b0d88,Centidel,3435,35947414
d0a9a2da-d700-4d35-b685-bc5abbb86c87,Tagopia,1853,60896212
d39facc7-4346-4ad1-b413-a18b844af45a,Innotype,874,60679612
d9831225-7ed3-454a-b1d4-9763a6e0af8b,Jetpulse,876,8414123
58c7039a-bc7b-4f22-afea-6a32dee88e7b,Lajo,4656,3500767
c1a183a4-f1ad-46c3-bb96-9425894d67b5,Meevee,4448,75420793
fb04012a-9aa5-46df-abbf-266e98c3f595,Wikizz,1979,86902172
4633eba7-ab56-4b1e-87ee-5c3edb86eb7b,Devshare,1577,34147772
50e939a9-05d5-471a-9b5f-2083e3f82eb0,Gigazoom,1174,70912252
076a83c1-14f7-4a18-8066-eb6bff0cf692,Trilia,2956,18727183
c4b45800-d289-4479-b0ac-d71b9d2104ca,Gigabox,2979,1688550
601d950b-4cf0-4c27-b5fb-7325bc6214be,Plambee,2028,92681888
dfe3feb6-4fe9-4315-9857-db4fd5f1e071,Zooxo,2570,94748658
2884c51b-8440-4216-adb0-2b47c828a69b,Rhynoodle,4457,62836162
4093e21c-ce5c-4ff7-aa2d-46b2f7728c72,Rhyloo,3174,79773755
05da2ed0-56b2-4f9b-9fbc-3bef6a738b19,Lajo,2112,10666
953f2e04-c753-4399-8ad0-56d0b0a8d850,Dynava,4808,38916429
43145e99-e77c-4474-813c-2e842981a694,Oyope,3016,191324
fd7ea7e5-c6ae-43cc-b60c-f4ff5454702b,Photofeed,376,15597575
693e4cef-a9fa-4b18-94dc-311a262574bd,Jamia,2656,60114085
b3f37565-eabe-4e86-8c09-d82164233404,Bubbletube,633,53025855
354b3032-6390-4abe-bfb2-9aeace8fdab1,Skinix,2704,60913723
531492a5-e0dd-48ff-9756-2dda0756a9b9,Trilith,2460,7496396
f16e801b-f0cd-4fed-b843-486962498b70,Yambee,132,17424916
0fbc612d-2963-4892-a4ed-5838dde5b405,Voomm,3275,54585207
acac37ba-9220-4805-85d3-f0b3457b094e,Jabbersphere,2672,98741114
d2e6a6f9-a74c-46a3-b5cb-3ecb8d956f06,Fatz,,
c88980d9-ae2f-4059-aad0-03074ce19400,Thoughtworks,2169,63154423
1dee9d7e-2d4c-4726-865a-688f1fc02f1e,Quinu,3505,67340221
ce100911-e4b5-4a28-81c7-b923edbedfd3,Lajo,2909,96559228
4d413d37-effa-4e43-9e4c-2c2a7138f793,Skyndu,767,10426684
6e086685-d405-4198-a58b-0d46d10a0a82,Skipstorm,1764,77944799
2856ea46-157f-4ae3-a424-28947e4ca14d,Avaveo,4615,6665457
2dc70c90-3ef5-4e96-9c45-2a2c3eae26ef,Vidoo,3658,99902348
5ad119f0-2d24-4786-96c8-2f50777bf914,Tagcat,1476,55534061
4d4093b0-f077-4bac-aad2-cd9e03dba25b,Youtags,1568,86052125
e2770b1b-8f26-49d0-95a5-48583731ed65,Tazzy,2895,99376304
d76a96e0-d2ba-4ecf-8062-13305ecef3d1,Oba,243,16498582
fd737fae-3b60-4e14-b41b-a119cd929584,Skimia,3829,90074454
5c81100c-9c03-4387-886e-87a096978af8,Oyope,3455,6649857
1cc4bdc6-1894-4757-89af-3fae915b44b8,Mita,,
8fdbd1fe-3fef-445d-acd6-e2ea493e7f5a,Gabtune,618,16805595
85dcd3c5-1b75-4f02-a799-1a2462183e4a,Skivee,543,3165167
55cf60a5-a0a8-4b0d-9a69-059aa189e742,Linklinks,3095,84866385
cc693acb-a7b0-4234-97f7-035114e38f8e,Realcube,1658,14494423
7a8191d1-c787-4e96-8da1-5d8a1b45f011,Kaymbo,2054,85752975
5b8c3cee-f117-4d97-964e-23594f5e8419,Meembee,707,98596624
75ebfaf7-fb0d-4bc8-9779-114cc216d32f,Layo,1689,16630599
9233f54c-e842-49e1-aba0-69da2fa2f241,Gigashots,2023,85357606
12a59c5e-8407-4005-97f2-5dc9e8a12bc7,Quimm,4589,39999981
fefd77cf-a50e-4f4a-bc6e-a81f2c9ce927,Realfire,2557,92129493
ca3c6704-5a49-4d8e-acd6-bc263f2f4147,Shufflebeat,1497,87033845
96d8ad86-671d-4063-ad31-4434bb37f2b8,Zoomdog,1740,34084929
acd54684-ad90-4424-9b4e-6e3d2267a47c,Chatterpoint,3447,28120249
ad280531-674e-4ba6-ae4c-f00595bcf301,Twitterbeat,1561,15899330
e1704f31-a8db-4755-bbd0-5822be481eb3,InnoZ,3579,78165161
d5ef160b-e8ae-4a60-a5a0-a3a9eb597fcf,Feedbug,1814,52920970
6d7d15c4-674e-4348-8f9d-396b509bf0dd,Vinte,2293,10339124
b3f46893-5ddf-4467-8615-4db0615e4f48,Voonte,843,93056964
de7b7f70-aa34-4727-8889-5d09e0973c85,Bubblebox,4859,9869513
97fc2626-564c-4b5d-bcf9-cd17ae5702a6,DabZ,4966,4996850
460a8375-5b79-4cba-876e-63347d064f69,Flashdog,2330,59118617
9699cf30-483a-4c6c-96ba-b19804e83871,Skyble,4613,30811126
bc3016d1-d4cf-4007-b47b-b0f425921287,Linklinks,2957,85785585
10844038-695f-4157-8216-f150f5c2e6e3,Zooveo,2049,64399623
71a9f371-25ab-43ad-ae57-eb266e02ed2d,Realcube,4769,77935895
d29c201d-afab-4ca7-8c93-75e5fdefcd77,Aibox,2161,67705613
70c35ddd-2258-4f92-a87f-0c33f3d84cee,Zoombeat,3378,71004676
053933bf-86a6-47d4-8794-d4ee146ea0a0,Myworks,1040,62387109
6f4924a1-b442-4d04-8e8d-28aba4b8640c,Tagtune,3555,57311498
567b297a-ea4b-452e-a4d5-4a0415a58338,Thoughtstorm,2505,11669363
8c1d490e-256e-4fcb-b526-fe850860757f,Rhynoodle,4026,90718494
3344866d-84eb-41d1-90f8-12b0fb0f56bc,Miboo,2876,37875255
e6a01c6f-758c-4559-98ec-7d2ff740a94d,Brainlounge,3031,2425827
44e0f864-39a8-4e03-bcd0-316d2090fdf3,Pixoboo,4462,20705253
11c0b4c8-b85f-466f-b17a-e24acaa209eb,Centidel,103,22781854
f8b9885e-a4b7-4878-80d9-f264368d6ede,Avaveo,742,97344176
8e8b0a5d-31f5-439d-97c5-0e70aaebe81d,Eamia,947,59318828
00791699-3d79-4831-9b70-1380f2e5f6ec,Tambee,4630,62129033
2e98a30f-9a9f-4fd5-a00f-26836687323f,Zooveo,,
4cdf1c10-32a9-4e05-8f4e-26a867ce4a29,Cogilith,4050,58460996
2f4f2bab-8420-42a8-a567-16dd02571800,Zava,3845,10478938
bc47bcb8-a1e2-49bd-b560-803afb788545,Youfeed,4585,30963702
174c3433-c9ac-49c8-b892-0241ca02d497,Flashdog,2316,18761105
31e2676f-f485-4e6f-a17a-c13335691464,Kwimbee,3900,97978942
475c2179-ae2d-4ae4-b2bc-d20352ccc10e,Mita,2167,16702134
d3379d8d-199c-4cda-a146-6e4a3426e10d,Jabberbean,3442,22528572
0632501e-dd1d-4bf3-a387-217537f3d8b1,Fadeo,,
6e08059a-ec9b-4537-846c-03b2209e37e0,Ntag,4510,630354
7c7b172c-63a7-452e-9817-be23fb031118,Rooxo,580,93727456
9a14a8ab-68e1-4289-8b07-ea6f614c73e0,Riffpath,2165,68266755
96958b15-1bd2-4058-9c40-358003805a6e,Zoomzone,969,76714618
bbe9c333-8848-4a5d-bec1-8f3f04a7904d,Jaloo,3601,97571074
27d3a837-e691-42c4-9383-bea8df8f5683,Topiclounge,1337,27765414
171526d9-e6ce-411b-ab2d-1d5cb544de1b,Kwinu,816,40238396
00ca5d29-83bd-4947-ab38-2fe442783d85,Dynabox,2070,52489768
6956ae1e-0414-4943-a52e-739919e6a792,Photobean,384,8074989
ae2fa10b-8047-447d-b841-3f8b0034d444,Rhybox,2543,66419527
f4a5d167-9a83-41d4-b626-57bfeb563e8d,Divavu,3721,7508720
720143bc-720d-47a0-a173-f3d52cfa853b,Mynte,3694,6724520
423f20ac-9a42-451d-a32f-3ea4dbb463ff,Yakitri,4512,41807060
5290b988-e80e-407e-9219-285cd056dc9c,Ailane,2211,29473448
bedbccb3-bf3b-4b70-9470-fcb027610032,Gabtune,832,13701926
a7231d87-7dbd-48ca-885f-cee8775e14f1,Rhyzio,1458,28759826
52e8ba78-fb4b-4f22-b343-f8a200da3979,Meevee,3539,35814165
0fd21e30-005a-4a1a-8737-ccdf29f7c650,Lazz,1019,84877546
21fcfb8d-7415-4a47-9a89-ab1be7b8c646,Jabbercube,,
8f8f542d-bc96-4175-af2f-ed5e26a1a254,Devshare,2882,2001965
7e820b4e-039b-4225-b35b-9807486d3cde,Divape,2023,90591070
7ce8566a-3e2b-4669-8a24-244f0f63265f,Topiclounge,1787,39022217
dadfec3e-892d-4a68-bcfd-46607a752ffc,Eimbee,356,78669406
11a315de-57fb-4e7c-8ca7-1e7bf672610f,Demivee,3271,71069787
f1f1580e-cca6-480f-bf60-0437ca2b80b0,Jetwire,3380,30141344
4b45f60c-af36-4a96-b9d8-aa9dc2c2f286,Yozio,1543,85975482
714fbb5a-72a3-4f2e-954a-36f094816895,Linklinks,4614,53985413
5d4b7a04-263e-45be-aeaf-09a29ca14b15,Wordware,,
ccf98e57-17eb-4be4-88d2-63d135199271,Quamba,514,40917932
65ef66df-1734-4005-8be0-deb599021983,Skyvu,1327,64548308
3509a9ed-2c50-4072-81e3-3c5cf66c32fc,Skiptube,2151,15800000
b90eb1d4-1676-490e-84e7-09fd00335bff,Yombu,566,87679228
783bd66c-c787-4c1f-984e-2332250d49a6,Thoughtsphere,764,72019257
2da6723e-2984-4233-a416-6a948b162b2c,Oyoloo,4149,13028145
21c5f941-3d1f-4c8e-a94d-e24d1f5b1404,Edgeify,3474,44246149
372f68a4-14be-451d-9339-2f88ecba1a2b,Dablist,686,67138440
0f6d9112-6247-4789-ade6-0354f051b136,Yotz,971,65006102
4424c9cb-29db-4b83-874a-6856af560da7,Centizu,479,24118260
b19df847-276b-43da-9902-d4bcfd71eb84,Viva,4636,1438690
00792168-34eb-410e-bd98-755b12ce6db5,Blogtag,4671,65264859
9023cc29-9ef8-41e2-825e-8ea633fcdefd,JumpXS,3795,53891059
5f451352-3a4f-41d8-88f2-0450731387a1,Bubblemix,4796,21732417
cf578c7c-6a5d-46f3-8a07-c7df6b4d9b12,Fanoodle,3230,38839075
173f17b9-1ee8-4e6c-a31a-de1cf1fecad8,Avamba,1742,62841965
da54631a-0bc6-49f3-bb2c-ffe2b2fa3821,Geba,4789,90837934
70d23978-7472-456f-ac92-4c5045ad7b76,Dabvine,701,43038858
d7aaea9c-618e-437c-afd1-afc43569ef78,Divavu,937,99746218
c4b7b3d5-91c9-4e9c-aa4c-2c3fabd108fc,Quatz,3644,70612352
ee43a6eb-ec83-48c5-b8da-69564ed4526c,Trudeo,1181,51038499
d53a5d16-4b09-4462-b481-5760f40ba5df,Muxo,3870,9159618
5ec60638-29b5-4ed4-94e5-57ece0ad676f,Abata,167,30895092
341a49fd-1829-49f4-94e8-dd8fd921e94e,Wordtune,153,28451036
1dd40021-cfa5-46e0-ae86-6bce7fa7d20f,Zoozzy,4186,28779406
37b4e9e8-d80f-4a27-ac04-d76d4172daab,Aimbu,2310,78764571
4dab3ad6-202b-41a7-8f07-b1a56a9b912b,Eayo,3236,75276229
e1812611-4ce6-462b-8465-534059536f99,Meevee,773,65989390
f49b6480-e3c5-4aee-a2f8-6bb1131d36b5,Babbleblab,832,60737159
a9767c92-d19f-4af2-8c21-30d7cd5e514a,Demizz,4462,62676266
b8ef124e-8293-4ead-95e5-b1976ec08f31,Mynte,2019,93132994
d11d82d9-0a31-4d82-8247-0318a8639749,Tazz,1379,71180486
2f74bd09-3f29-4e29-bc20-806da1a6db88,Thoughtstorm,1584,66024644
fc9ce9be-58ac-4bb7-a7a8-3ba127d743ec,Roodel,2752,28818430
4896bedd-391c-4c18-a171-ece475a82a0d,Realcube,4941,95332616
78cfa28c-fb1c-43a6-b8f5-2ec283b8ec10,Wordpedia,1106,80751564
4f95c0ad-c57e-411c-a9dd-72c060415307,Dabjam,3477,66825701
e2d31aa0-6e13-4f37-a7fb-36fd01c45671,Tagpad,3528,58599800
60c4f770-092a-40c2-82c3-07fe6d2c09ac,Edgeclub,3395,86287401
0439a07a-57bc-4856-a867-639b4a11a9b6,Roomm,,
06870ee1-8ff2-4af2-af8f-c5dc14e0733d,Dazzlesphere,3968,62657739
a720bb6e-a8bc-44b9-a4a6-06ff0d2739c1,Jaxnation,976,35281504
0e62d131-2d13-40e2-8f6d-d1d22ecd9be4,Vidoo,1656,7532191
b191f04a-aa00-487f-b557-aac737f668e9,Roombo,47,50045720
f3997db0-1835-489f-a609-2d73aaed490e,Zooveo,496,59687300
73bd75a1-c383-453f-af88-ef994df1d867,Ailane,1934,99503564
065d6221-bee5-4f3b-b52b-b1e92cdf85fd,Linktype,891,36899548
796b9bac-b3d1-4046-941f-7607b82ef82a,Twiyo,3060,21909908
1fd95420-6535-417b-968a-a46e4149352b,Yozio,2983,58461093
144939f4-a368-4458-b8c8-dcff2413c1b8,Eazzy,917,20186428
240b4123-ce65-4980-aa15-2bee379bb068,Centimia,4447,54675949
38f41b26-eb90-497a-8b46-3b008844b011,Skimia,4319,81311716
e6b0afd5-6763-4d28-a380-209213582224,Pixope,2397,35780311
2daf7588-d6a6-4c66-9228-b5523d705e64,Trudoo,1467,11708653
9323ea4c-690e-480d-894e-742252b1a7a0,Avamba,745,83839334
969a0000-bc75-4c5b-aa72-4453161fefff,Blogspan,3071,56728696
1d81d272-384a-4f12-ae2e-6171fc602044,Jamia,4473,12545005
ea71d063-9bb9-4476-a906-392d126a5a44,Kazio,125,9498685
cb992b72-4932-41ad-885b-c9fd52feef50,Teklist,1801,3174366
012c9ab2-98c0-41b8-9ef5-9f4e95c5119a,Vimbo,4203,8060211
dd43135d-39f9-4b7e-ae94-708558f7f733,Katz,4767,73264813
86bad396-1d38-4d8b-8562-3513c3c018ac,Browsecat,3808,24992048
a6347e06-c5ea-45a8-aa3e-600f360353d7,Browsezoom,4858,92531398
d398783f-580c-4662-97ec-853b6de20072,Youspan,4434,37523443
021b374d-3811-439c-acb8-d96f9020d6ff,Skajo,4110,41083131
c071251a-5801-478d-9877-75b240de579c,Bubblemix,3158,89221133
acc9bcc6-8dc9-444e-b0f2-568feaa50aee,Devshare,3602,53110431
f2509ce2-6ab9-46df-ae69-0cc91bbffd86,Meezzy,208,72335979
2a32fd9d-1af0-4e3b-b4a7-f8e511a285f6,Innotype,1529,41040185
914e8754-6e42-4834-b8ad-99a48635ad9d,Meembee,63,15335243
e33d3e55-f93a-41e0-a33e-ee45434eb542,Talane,527,58463026
4bf92175-733f-4b7c-98d6-84e5a7755c2d,Demizz,2085,90011970
6b2928e9-228f-40e6-b58b-700e48befcfe,Camimbo,4558,92422373
a1df043c-1799-4f6c-ba46-b3fdfc016de8,Topicshots,3896,96061350
265b96ed-3802-4c61-8f42-88e228d2ec49,Rhyloo,4959,24147802
683c57ee-3d19-4eff-a63c-2843710683ee,Mita,2302,90807990
9a584720-e321-4dec-93d0-98a881bde5b8,Devify,4265,15702695
a04fda23-08a1-43a3-b530-8f4b6e962cdf,Brightdog,3615,38189842
a88b4afe-6b3c-4aab-a8e7-0d3f9b70da96,Flipopia,3488,43632599
4a1429b7-96a0-4f06-a63f-7b1ae97ca583,Bluejam,4662,39522258
6e77ca67-318b-45b1-99ad-92120fd89bad,Shuffledrive,1385,59037812
48fa6e7f-da93-4703-8de1-f9c13977ff27,Youtags,595,95938391
9e86d144-4be8-4394-a25f-86152da47a41,Eare,3158,17111070
7ee8767b-03a4-4a77-963f-4c1523b324f8,Realfire,4203,23096476
494c70e5-0547-4176-9bab-49c3dd6b65ab,Meemm,2961,71672738
60d4b8c0-2cf6-472c-8ec1-b04f2fb2c15b,Edgepulse,617,3505630
e8ae9135-8a78-4ee6-8003-b6da4f339249,Cogibox,3187,70229850
f1fe91dc-1a98-4c17-ac44-99ca528ce2ef,Shufflebeat,2360,86558335
b59412ac-b1d0-43b3-b158-0f80fe342b7f,Yodo,938,75100034
f8764802-5748-40b4-9edd-7366ef050653,Livetube,2359,11660909
a1b01b8e-d0df-49eb-b8a9-1068ef134f50,Viva,3773,32063344
0f654ff9-96a2-432c-acb9-cb81aa6e1ddb,Katz,4161,61306825
23476c6f-d1c7-44ef-95ef-c91f17f431c0,Yata,53,84476294
675831a6-5a67-48d2-905e-009e8f4c041f,Voonder,4394,66422455
4a008f10-580c-4922-8421-2f3f3cbb7a4f,Gigabox,186,66490279
c78e9383-abcb-4de3-a1d0-0eb388d82f17,Vidoo,432,10348262
b6561977-4f93-45bf-b5a4-25933e0502f4,Mycat,2888,98430306
05e6fdbc-24a2-44de-86ea-aed72d611a68,Yodoo,3418,79073983
79c1a583-7cf1-4e8e-a118-69f98d242ff5,Bluejam,753,8449380
35cbeac0-43e1-442e-9825-3f7e55d7e228,Babbleopia,373,42250755
b733aa44-dad0-4fe8-91be-e5c135d4fa8d,Dynabox,4053,42994350
8972d283-5c27-4b72-990f-bd7e27e070a5,Quamba,4944,93522548
2a2936bf-aaaf-4c5c-8c80-0c35fa4ec45c,Skynoodle,533,96060378
37a52233-4529-4f72-b7e2-3a2797f73199,Livefish,4730,57082572
bfb209ae-1a36-44a4-a620-17366e90ff71,Feedbug,1244,95544223
b74458e7-20fa-4974-8377-8123eaba3f69,Gabtune,1335,23552580
99682356-d814-4711-bdf2-5d97152be2d1,Twitterbeat,2599,48591097
442ae7e9-3ca7-43e5-b30c-f681fe4ce3fb,Skivee,,
a71d7e6a-6620-4a19-b300-b5715e78d14f,Browsebug,1515,46198675
2409e4ba-f3e7-41aa-9f76-d8a37d88533a,Youspan,3328,13508728
e261cb36-ad68-4ad2-93a1-308c2f14725f,Eire,181,14878565
12faafa7-fde0-498d-8f02-0aacaf6564ac,Pixoboo,4613,81556698
a7d35c88-54b6-493d-bf5f-b9d8945ae87f,Jatri,3739,53752795
612346aa-91d9-47cd-b244-2ddb876b6fde,Kare,1663,62421814
674c62fa-9a6e-43d5-8c03-5a632e515fb8,Janyx,2441,21344317
42a10a93-1a04-4db0-bb0f-7edbe34aa770,Mydo,2523,75931183
894c21a6-8f65-4db2-ac50-e786e33119ab,Zoonder,3653,54869310
4b84c0e9-b390-4092-b3b2-73415d9ca364,Kazio,4417,4917012
fbc20650-2cf5-4fa8-af8d-8e655992f8af,Flipbug,2338,8966997
9ba951cf-3f21-44c7-a46e-0c8690b05ade,Chatterbridge,1555,51909143
389a3a12-4e48-4c11-9008-879df53d2f8d,Roomm,4636,38018116
7ea1bcfc-b301-4879-99ca-9f989bf26dda,Twitterwire,276,68856120
61bd8fa6-da05-4f10-8d7e-0faec57e299c,Realcube,2295,21269938
3c5cd079-40f5-413f-b1bb-812f53eedd69,Tagchat,3674,93300633
abaa2399-f2ff-47c2-8e94-0707dbc1af46,Kimia,1815,20090954
80c2e8b8-698e-43c7-a306-d0d692ef16ed,Skidoo,3777,82858076
34f08cae-eb6b-4f8d-b971-40cc652759b1,Shuffledrive,1155,63042837
d25a7d6e-9000-456c-b45d-5821fc308b9e,Voonyx,2582,49157958
4dbd4b6c-3340-4d6a-a48c-ec1e62c3e52a,Jaxnation,2562,69637883
31a1ac37-ab57-4dd2-905c-4ba7d2755dbf,Buzzbean,4017,48246463
ca4bc761-b576-492f-a2c7-460cd3236d87,Brainsphere,2918,30509545
eac1c8d6-85cc-434f-9aad-6918a660f5fe,Thoughtworks,4884,40513906
f7b3f9ee-bcaa-4a17-a7bf-91f672e7a3a7,Twitterbeat,1086,12522827
9af80961-e03c-4d8a-aa08-acd5ed7398d5,Quaxo,2944,71118277
03d32509-03bd-42c4-a16f-cfd85d52081e,Mita,4077,86585082
39e29ec3-0e6a-4ec6-b49e-a5090d6dbb47,LiveZ,2222,41951133
df05584b-ef6f-4299-9ed7-df3eaea411b5,Twinder,,
b550c255-435c-42da-aef9-475e40374c81,Jabberstorm,2621,75654994
07e0db5b-6b6d-4e84-b4b5-8483819897ee,Skyble,2307,90942813
0bf3f2dd-53b3-4e3e-bde6-b55ec7f3f4b8,Feedfish,693,41112999
2392ef8b-1e2e-4379-a242-886fd8d4ebec,Cogilith,409,78187724
f7a5a505-22ee-4035-a2be-043bddb86f4e,Thoughtstorm,3407,22086338
dba794a2-89ec-4f44-8706-d32a91ad9bf3,Camimbo,855,44027665
86b20e61-7280-4384-8519-0db71568f1cd,Browsezoom,1444,84944330
1c1a0f11-a592-4dc8-98e5-d4b1c9a80939,Twimbo,2393,77322844
08dc0c0f-a966-498c-9366-e12d739eff8b,Flashdog,2186,15011435
f39f0639-33cb-41f2-a6b1-30082261bdd2,Topicblab,2179,37854365
082a5429-a828-494a-b6ab-74a5c1d920eb,Riffpedia,1377,20079564
7da7bced-59c1-4e03-92d5-caf1fad990c2,Dynabox,1488,79847354
fa04c95c-1b66-4fd4-a320-21ecfe79e12a,Fanoodle,3468,51910650
50d20fda-c61b-4e2e-836c-0afa5aaa6f9c,Browseblab,3606,68409746
93e7134d-f4ca-43db-9ab1-ac0dce33096a,Jaxbean,2619,63467377
f09d0e95-4370-4a12-90d3-69245e25fc41,Tagfeed,485,97963921
2f0e7c7c-19e8-424c-9c20-277a7360a5c1,Vinte,4114,67605430
f1e0373b-e686-487e-ac47-286dfce6f56e,Browsebug,57,27481724
daf59742-bfdc-44b6-b1f9-e7de396f88a0,Mybuzz,639,23749325
974914a1-030d-4d2f-9bd9-8db109778394,Aibox,3204,62144175
ebec9455-f5a3-4fbd-a615-f3087fe21267,Kamba,665,73919095
b80b23ea-5064-450f-905c-8370380451f7,Leenti,678,33497617
83ca9ab3-7b23-40d7-99b3-00565c50dd52,Zoonoodle,1507,39504124
417ef2fd-3418-402f-994d-dd5e3670c388,Feedfire,1091,39142004
d4766906-f818-433e-ae69-776e3b399e6f,Innotype,1116,15700401
ac394ca8-1232-421b-bdba-ec61603586f2,Photobean,877,26115175
c8479fd5-18c9-4c24-a06b-ed0431e78ef9,Brightdog,548,61378882
a9a739ab-a73f-40ae-bff2-b5b295023818,Eayo,4850,59531147
c56d54ca-3008-41ce-b756-43ce8b851000,Muxo,2203,62032128
170af1be-a2f8-460f-a679-7af1ce7ac703,Eidel,291,55633357
e6456ed5-920b-43b1-bff9-3c58fdec7057,Avamba,3162,7483097
16203478-645e-4167-b003-d4bb7c211d24,Skaboo,389,24411130
6ea4367c-a7b1-4d11-a854-6e9310162d22,Jaxspan,3326,16445997
36950a23-2aa0-45a4-9d3f-541144f045bb,Zoovu,4028,75963120
47d4d59e-d304-4aff-985f-fc0f4d0c6e66,Wordtune,2513,49228506
0960737b-4352-4df1-b9d5-7f8da3cec4a3,Photofeed,3585,41869229
0b0590f6-2d25-46b8-8453-c7a9e1ff5f9e,Jatri,4950,76406760
307c16bf-e9bc-4942-94bb-7f60b79653af,Dynazzy,4539,43324746
9f2d1fe0-9032-4a95-86f4-9cc8f49ca850,Skilith,1317,55207862
9ceb4500-def1-452e-9c03-de931ffa6017,Youopia,242,80669994
5b00559a-d7a1-4a9d-a668-831b1a7acd07,Cogidoo,2829,74296131
430d494f-aba9-4d69-a24e-b55d5fc1c0d8,Yoveo,3721,61388356
b12d7aba-4149-4ded-9c74-59c9e0f0d42b,Kwilith,1453,43173
58310976-8aaa-4a7b-a533-7fd16fc2c3bf,Kwideo,3254,89753620
b04c705c-aeb7-44f9-a621-a9f0f79e09e9,Youtags,2957,43069842
a51fce3d-315f-4257-9a43-5557b6ca19b2,Kazio,1853,95927406
1a6b25bc-f65c-430a-a2ec-be1a815693bb,Quimba,1289,40950923
63f6805f-d5eb-4d16-835c-eb2418a95ae8,Mynte,1033,94619333
d8afbe8f-563a-4204-be97-ade9ee23796a,Brainverse,2802,53919368
007112e1-accd-4ab6-8acd-bba10dd3e0aa,Kanoodle,1567,79263278
a25d2be0-a243-49b8-9869-0a03a5b91cab,Mydeo,886,45823305
60d5747e-b596-425f-b937-190dca0e1eb0,Omba,4726,1361255
f5ea081d-d03c-4973-8f11-d15d0d3b0643,Zoovu,1560,10273453
eb257fdd-5c5d-4a84-aad7-03c840be8aac,Skinix,503,47977997
0d630cfe-d612-4fe5-9ffb-64d6762d8e83,Wordify,581,62690585
633b6a03-fb04-48a9-bcb5-63461ebecc7f,Quaxo,671,56318929
8cd35124-1957-4548-92c4-91613060d3e7,Dynazzy,1285,79234378
bc670ae3-5408-47cd-b4cc-6d7021210167,Dablist,4157,92322093
605b5cee-472f-4f38-a491-5554a22b6956,Meedoo,1754,49540987
ffdc1ba3-3383-4f70-8171-2408fccd4b94,Jazzy,820,37715079
08066c6e-6aea-412b-9df1-3d7147baca06,Topiczoom,4359,18842633
45ee7bfd-1ef5-4ba7-a7c9-ce8843d99e66,JumpXS,358,2009103
527444fb-ba32-499c-b396-62e6701ae340,Kimia,2591,13335468
2637918b-4a0f-4227-aede-07910653b890,Bluejam,2819,69813819
ef550a5e-a76f-4523-9057-0a938481b843,Voonyx,95,10058914
c4c4bfb3-c3d8-444e-ae13-ea59b8998624,Cogibox,1216,17612669
c8921967-5342-4d70-b736-d7a11539f16b,Flashpoint,2809,98619149
99797b0a-af09-40cf-aa98-e7605dfdd38c,Midel,597,20927081
96795c6d-27f0-48e6-9d4f-13beff4c9c82,Realblab,774,63271956
8f96315b-aa74-4ead-98df-d210e8afb4ae,Zoonder,498,9471816
21ead291-0993-4c44-a806-d0b92f0bbe1c,Shufflebeat,3306,25724075
9808c674-2dd4-4251-9ff6-95b2a98cccb7,Yodoo,2002,89591782
5df24014-7b30-4bfb-839f-22ece43bb878,Lazzy,2408,11713447
5d4ebe2a-9509-4454-9afc-469cfdb5db97,Kare,1529,87622138
2cfd24ac-0811-4a8f-baed-8c7a9ac5d19d,Photojam,2452,36778882
447a272f-3955-4fce-b592-d4bbe4eef8c5,Ozu,3322,11766813
b1ef1d46-3a3f-411f-87f1-8f61a4e1a28b,Skipfire,1030,27266611
a5a6bee0-53e1-49d1-b935-79fdc8d9f720,Shufflebeat,,
22d252a2-7059-445b-885e-57cb57eb372a,Mynte,3771,52267036
5196e40b-9251-4f97-8de2-158e3b93a347,Shuffledrive,3990,74959981
5675d555-3096-4b91-9ffa-2a96d7cff1cd,Einti,1361,58791780
2e8928c5-c1db-4de5-a899-c89c65fe6c0a,Vitz,2640,16586792
1916aa67-2e9c-4408-b79d-1b57cf7930d1,Oloo,694,50971729
308a5da4-a453-4b3d-9d64-1435c3c88d34,Tavu,3551,94150548
1ae9cae9-39ce-4b67-a9f1-65dd7cefa67e,Tambee,3569,32295285
e53fd254-6c3f-4424-aeaa-8bec10a7c52c,Jamia,3873,31728906
db48027a-489f-450a-8bd4-787ade12643e,Mynte,1798,59433462
0f569b33-3359-44b0-bc45-8cfba7ef3752,Fliptune,3622,17974896
611af5fd-bac6-4953-a7b6-6d8dcf3b3aa6,Brightbean,1507,30040991
f52c43a6-879a-4f50-b303-4c1e53d4cbff,Dynazzy,4563,58687669
ff9588c8-5708-477a-8de1-ea681f834cbf,Skipstorm,489,11486373
3b75457c-8e46-41f7-8f68-935203e70bdf,Lazzy,1538,70169319
57f3791f-51dd-4dad-be1a-299e241a8572,Quimba,2517,25484295
25368844-85f8-4aed-b362-279851fe65e7,Fadeo,3464,59476357
505b6220-2f73-48b7-9c70-83467cf77d95,Feednation,848,23526037
1c063fcf-4e66-44a9-9156-1d54418fa30c,Thoughtmix,4560,46650812
32bfee9d-62ac-4c16-91a2-a6505555fd40,Realblab,3027,41504563
6daa6fec-8aa8-4e81-a581-7a25039d23ac,Talane,4173,88091095
5854e227-2ac8-49a7-b134-20b3fdfabdeb,Gabtune,3848,52022518
2d68a05a-09c1-4461-b8f0-b1978a1b66e6,Eidel,568,22483059
8cd7fee0-db84-45be-a9e1-d1969a43932e,Riffwire,1877,80854463
0b2a7d83-4e51-4fc7-ab12-6a08f577b8ff,DabZ,3279,69933349
56281c5f-e6ce-4e15-8472-fddec3d2110f,Linklinks,3255,80163913
febac9d9-6bef-4f2b-afbf-e67b128a3db7,Yakitri,3605,38610887
1dade8bd-c4dd-43cf-a6b3-9e52d70495ef,Katz,2060,69014487
9981fd8d-2c4d-49d4-bc0d-1681ae07188c,Innojam,2407,94303400
123ff0d2-cca5-47c0-a2d7-09c95ed6961a,Skyvu,2193,83239675
6c18f1d8-6910-4476-bc21-d1662f85c173,Trupe,3489,42582816
8d216065-915f-4c67-973d-7f01cdf7022b,Brightdog,3054,45568944
32b5acd2-3ce7-4edc-b68d-4cc5ab8799b0,Gevee,3610,57434554
30ee2979-6fcf-497b-a0c3-4937d5cb191a,Skipstorm,3856,52851551
5afdf687-34e6-4dca-bf18-e6bd05c62bed,Jaxbean,4080,60966749
c753a578-e2bd-414f-8c79-7f8ac525c933,Trilia,1060,58557225
e2305cc9-f39a-4bf6-9052-ca8bc33f3f6a,Rhycero,4490,50881036
a020e7d6-83e3-42d1-a44d-3bf7d24e9951,Teklist,4606,86050331
488ad532-c708-4847-af89-31c4ef541f8e,Latz,2500,4300370
6c447b8b-cea6-47cb-9344-e7b521f99de7,Izio,2345,34304309
99d62190-92b9-4efe-b9f9-c6a7cd4815b0,Jatri,1287,61611216
ea2f1793-6c7d-4c67-9d81-d2ac367ab2b1,Meembee,998,25432273
6aa731cf-fa33-4a40-9eda-6db416918103,Yata,1562,28251854
6c22f1f4-dd27-427a-aa7c-65c5df9360c3,Vidoo,520,3115798
4d891549-45db-4f5c-a11d-83584104966c,Youfeed,3130,50960867
8359adba-b32c-4660-9fcf-068705962be2,Kimia,3743,27532712
06d8644b-8f9c-4806-89a1-acb234391107,Meetz,1165,86241138
57dae38e-ed5d-4141-9cd8-e87e4c7ba21e,Yotz,4970,40103493
31323352-5bae-4fe6-ab0e-a188bb08c4e4,Cogidoo,119,30482035
a3e82c00-a5ad-4d77-a585-23da2222c1fe,Riffpath,2951,68872795
f7a28220-1df7-4806-b22b-7a821b89cd38,Wikizz,169,21209874
0e528d78-99e7-4687-845a-7bc68a423a49,Camimbo,1247,54684785
c1818612-921c-48d7-b682-b9960365ae2a,Meemm,3456,46107302
5b6f5ed7-1c0e-4bf2-a12c-8a321d9a7d01,Skibox,2076,4818926
8e7893ce-6874-435e-8b43-dd0f14a17410,Twimm,2426,16565777
e1139041-843f-40ee-a326-f06e31f1ce34,Browsedrive,4975,19738048
bfe0a2ef-af72-4d2e-81a5-e6159c1480f4,Eire,3803,46371951
c3464f8d-828c-4dc8-88ff-61f17304d8e7,Mybuzz,3447,23673189
9ff43a84-f626-449e-8838-79537ca19ee2,Digitube,3379,61945618
847de57b-504a-48ae-a5fd-d9bd85b57bca,Realcube,1496,83420776
3581b6eb-951b-455f-a2c8-0a804332e7b7,Meetz,1968,2308985
a557ed7a-1962-4996-baa2-911ab8fadb18,Gabtune,1465,52388354
af49aac8-9feb-4dfc-b26d-35abaf3370c1,Fatz,4408,22442851
a7c2908b-a393-490b-bcf4-ddddf701a3c2,Skidoo,3906,33848258
0c4231ae-40c0-4747-ace9-a9e7c1b67af4,Skiba,2590,39616163
f19ebd73-b6e7-4503-ac2a-ec4ee0a17733,Viva,3680,59663582
1b90fdda-7b4a-4845-8430-32d9d829fe62,Quinu,3320,99614366
211f519e-cce6-4fd4-9bb9-74ac675e31d1,Ooba,3953,42760103
f94d05f1-d706-4cd7-a61e-26a5762072bc,Aimbu,1172,29837636
1f16f8af-a27e-43d4-b82c-cd0180346d8c,Skivee,3760,64216190
924100ec-2f69-4fee-b2b1-ab71d6a878e2,Kamba,1057,79017721
07836a69-41e4-4b0b-bee1-dec6c3b93481,Vinte,2623,50682381
2799290b-fcf2-4cda-a8be-69f828c988cb,Zoombox,845,99020312
d90d3708-cd5b-406c-b312-9f4c885eeb03,Bubblebox,4715,36659908
a1a75e75-14c1-45de-beab-4798d6f68705,Voolith,3771,58799480
e703ddf3-4df7-4b97-9e7a-163084253d93,Yakitri,2842,35420489
71a3b5ed-842d-49ca-841a-55adaae20a1b,Jayo,4554,70336172
699b8cd2-23e8-4b50-8c05-7cc623e772fd,Lazz,4520,88133997
d2554298-47cc-436b-9d6c-8aa36f106834,Fiveclub,94,43792735
6f754986-4595-44be-b5ad-0669906f225c,Feedmix,104,66012067
2d374f2c-bc3a-42d2-874a-44bb60bce544,Janyx,2268,98614563
0822c2b3-341a-4ec2-b66e-4783dcdfc999,Jatri,1751,4464815
3b0bff84-971f-4932-8e58-7010f5748f87,Meevee,2062,54172377
7d660876-628d-4dea-9c07-844f6ee96c36,Dabshots,2685,31322712
80fd712b-a217-484a-b834-51e05cd00ad3,Jayo,1351,14455051
16b41334-e705-42ab-80a1-b4b4e1d6ec5b,Tagopia,431,88880815
0eced671-4e21-4e40-ab2c-091009df08df,Jaxbean,3189,60896625
4291574a-ea42-4ed3-8500-211f3be84203,Brainsphere,3565,43869234
1e2350dc-2c78-438d-8def-1db4cb20cfa4,Browsetype,2096,43969640
0586ddf2-3926-48f7-bf03-b9d1f8059f10,Meevee,948,81608179
253dd5d0-c152-4fed-a5c7-fb5f2e6915bd,Dynava,4824,84435228
51875819-a23b-4c2d-a333-1b8eeb2fe723,Babbleset,4038,48029723
557212d6-56f0-49a4-af0c-793cc765c114,Aimbu,2299,46454007
7fd997e8-e5ad-487b-ace5-8a752c2056a4,Quatz,1046,92676809
3243d206-75d4-453a-b811-070ceb196af4,Gabspot,293,48182643
bcf1042d-043b-4419-9c03-bf42b31b0138,BlogXS,4729,71039137
212d6ae6-bf55-4696-8c51-7c22ab450a51,Dynava,205,12611369
7dc45487-fc34-46e3-aaad-a85e333a1b31,Rhynoodle,256,89902407
3a54cdaf-7e2e-4213-8ccb-50d9a07c805d,Divape,3960,92140656
e2397ab4-638a-437e-9149-b6513368d1d7,Eazzy,3894,17589278
6d2a9fbc-f434-41f2-a410-6ffb1496c020,Miboo,1626,48176813
11c2cf71-8afb-48b3-96e3-2f2f54d22e99,Yamia,3694,71850639
8d9fc95e-6d77-4949-8b57-46db5b8b829c,Aimbo,,
b38ca7df-4d1b-49e9-aaa7-22805131f333,Cogibox,3514,14560364
4846ac89-4df6-4918-85fc-687860e92cb4,Blogspan,1769,89114632
0ccbf17f-fd1b-4cd0-a253-4694f6060222,Photojam,746,15313339
0f85cbe0-2058-46a8-96bd-9174ff07c56b,Yakidoo,4954,52586656
af08fad0-2319-485b-99d3-57f5798b0fef,Kazu,2609,49778050
0a8ea22e-b55c-4c79-9115-5bb200f1586f,Layo,4468,99716736
3f500185-8e60-47d1-a2cd-dfd72bc85aeb,Topiczoom,4742,71274600
9909a154-ae68-4924-87d3-ae87c9c41e1a,Oba,3701,26696474
d4e20893-b137-4266-b20c-6fc62ed68730,Thoughtsphere,2059,65975
3d5cf450-90f2-44e7-8913-1c5bf863ecd1,Feedmix,4686,44867128
b447d29c-2540-4ebe-84ae-940a4996ed78,Zoombeat,384,93534168
faf9e62a-4842-4108-963c-610044380873,Kwideo,4054,37221422
b863846f-fe71-4bf1-8a71-4925efb191d5,Dynava,2686,84861017
468b3c08-6386-432f-b2dd-45c304f0a1d9,Rhynyx,4470,21393814
2be758d2-df41-46cf-a02e-1858bb43dd27,Thoughtsphere,1292,65149566
61417446-6542-4998-b6e1-91e759f71a9f,Skyvu,4816,962254
40b0a360-1c9c-44c2-bcfc-ea249e04c2ce,Trilith,3754,92992080
8294bf4e-ff14-4e92-9878-b59ea2a7c5a8,Brightbean,2494,81021400
89597e0e-cb4d-412a-a073-e2b3091c8859,Wordware,4349,4034545
f9c1a0e0-a5d5-4179-8295-e6d56c85a7c4,Pixoboo,3468,40867604
8338b162-d176-4ff9-aa94-1a14ea98e176,Mydeo,3550,28765078
4e441889-30b6-4968-a61e-b1ea1119dbc2,Oyoba,2082,86722951
e0256af1-c036-4d3b-a47b-e2c032274f9a,Roomm,1971,94029638
c8751770-2497-4e17-b71b-819be02530e3,Browsecat,1747,78681890
c7e3bb7b-1541-4773-842f-97ef83084da9,Gevee,132,53091575
fef5a7e7-c79c-45b9-bbee-efacbecf28c3,Nlounge,4224,3579906
8ff78ed5-de9b-43b0-9aee-f6298442b4e5,Topicstorm,957,31811448
80abb654-4eb8-46d7-ac51-8cf106ed3441,Vidoo,4232,38195336
e0e2b5aa-7080-4593-90e1-6d4237ce34b5,Wikivu,4652,44415760
07183675-2f3b-4f9d-a86b-57db194545d8,Tagtune,2668,3980432
6d40374b-c92c-4e3e-a0ee-8e6f1a9a3b72,Youopia,4976,86760820
42416054-d89e-412d-b7ed-17f60edc915e,Skyvu,3854,80092353
9e88d8e4-b8bb-4e29-9889-d4190405b0d2,Camimbo,4083,98630915
eeab0c5d-f66f-494b-9004-315816cb0b78,Tagtune,4096,373165
fea0fa15-c936-41a3-ba6c-b92c72acdf7b,Babbleopia,1566,90676160
88a9190d-5c76-41b0-9692-ffcc103dee25,Quimba,3912,70539465
cd8122c8-0bbf-4aef-9de4-5f9d5dd78a91,Mycat,410,4062391
37e60348-ebda-41c1-9b97-bd7ec48b18ab,Kaymbo,1569,92266348
11e6496f-3aeb-49e7-9d60-229b0aea0d14,Skimia,2531,61876892
9ca1e339-4444-44b2-9665-3424f2c43a68,Edgepulse,2856,14138908
692e8757-f2c7-4d6e-a025-ddccede90bd9,Vimbo,2468,46217533
a349f761-b96f-4956-a29c-9ca9bf89bbe1,Thoughtmix,1677,27667906
46e6d45b-c594-40b7-b181-e7a2452b4587,Skimia,151,24508091
b8a598c5-01bb-44c3-b19f-b4f71fe64b48,Tagchat,3061,46683752
4da5be17-0dd4-4910-8b90-0c6636d3cea7,Mita,530,19871030
32f9eddf-806b-4214-acb1-4cc477a0e722,Linklinks,1551,6417533
be27fe2b-7fcd-494e-b8f2-19af6cf02eaf,Tagopia,329,91522043
89bd0ec2-4c00-4bd4-accc-92c44a539621,Feedbug,3832,19054581
b0ad72e1-698f-417b-b063-676eb0c710a0,Yabox,4606,88411291
efb18df3-c276-4b16-a98b-f4ef1fd8458e,Vimbo,4460,33200502
113cc7c2-310c-4cb2-9675-aa0b8fa71463,Voolia,2050,92963110
7017b300-b8e8-437a-9829-6e4cff068c6d,Gigaclub,2194,16219945
6c646a50-1295-4531-a5a8-f07208172b54,Livefish,,
e1108945-f25d-4476-8631-4b45ec1e1217,Dabfeed,4875,81254185
06b06746-aa81-4863-8c8e-7026ca0c5637,Mudo,3046,33992218
afef6888-8350-4832-9fe6-9b8419bd672e,Einti,4792,86211325
1ab428b9-17d3-440f-88a8-11589a359500,Skyble,1665,78374991
f26d43f1-5c64-40f4-94b9-44e83dad160e,Wordtune,327,73417627
8c3916d5-1e62-4d43-b4b8-d315072012d7,Shuffletag,1566,54353058
78e3d10e-fcf8-4553-9323-ab296a62bde1,Edgeblab,2104,36337130
4148f482-b05e-4d24-8fc2-940f18b9d5eb,Riffpedia,3283,10412239
106c1c50-2968-4ad3-b5b2-6645c9a4a131,Youspan,568,60504457
d012b3c8-3bd9-4d00-8f1c-fdea3b708fde,Eamia,3093,33307048
c5ffb45f-b8c3-46e8-8d59-d1eb62f288c4,Brightbean,2818,84723323
10a2a3ce-b467-492f-81ac-47f1bece419a,Zoonder,2674,65232232
02304d67-f79e-412b-8a4d-18596b781cca,Meembee,806,42019416
c2470a2a-313d-43e2-8f89-198d6b301c32,Lazzy,2880,85552291
8e0b10ff-5883-44cb-adf8-37a84c0b5e54,Dabfeed,2707,25378744
eaeea9b6-6620-43b8-b563-b406a272bc18,Thoughtbridge,4896,15465062
68043448-db21-4aa2-ba54-4a22679a7919,Gabtune,3136,28018148
a7de355a-6530-440c-8d01-ea75a253f1f4,Camido,4850,40395082
d96010b9-e6a0-403d-9f16-6c0af348928c,Gabcube,3466,99042041
cf7c217f-16af-4320-af35-883a0b6a27a5,Flipbug,2555,29160028
a9dff533-e501-4df8-8420-2cc813ad6393,Wordware,1556,26755582
02500bf9-50a7-428b-9bc6-c3b2093122d3,Latz,2001,50266210
fd51ca10-15d1-4616-8688-8875aa47c0a8,Gigaclub,3567,59879291
ab63f69c-c129-4354-ad81-d2783f98fdf7,Zoomcast,4433,51271442
f6089116-883f-4aa8-a9f5-7e5f61e7ac32,Browseblab,3869,40297144
8155c3ef-8578-47bc-979b-499774f3cb11,Mydeo,4809,32552039
221fde92-d362-4389-9f78-c27912102c37,Tagchat,3493,49976283
579cd653-cf47-4291-8cb8-0f322bbb9fa5,Mybuzz,2026,47703040
fdb51c80-5905-45a0-aa2b-5ca82f343f07,Divape,3895,47853287
8488ccac-ca80-41d9-9ab7-89e1c6c8bef2,Eidel,855,8350063
587bbdc1-435c-4ee5-b089-6341e2a00053,Tagfeed,4610,34744658
2f2aacfb-4db2-417f-8edd-684cbccf133c,Quimba,23,6473980
a7f1ce53-1dab-4779-beff-36b634ace821,Fadeo,646,93589814
d7f14e84-69bb-4c08-9ee2-66f7c78277dc,Brightbean,4830,16620238
33fa20c6-f34e-4d2f-806b-9659bb669a1f,Flipstorm,1561,43514481
bd3c4180-6646-42da-a021-cb12088025d3,Thoughtstorm,2502,33654720
faf6f310-b56c-401b-be02-6b9c4c378851,Tambee,360,57991761
b8c3c23e-b1ed-4d3b-a914-ce2b7cd88b61,Jatri,4131,4860437
3dfdb618-af31-40cc-92dc-414f2c067743,Realblab,2018,90229165
cb059430-2034-4130-9420-a42671e0dfac,Nlounge,1823,21359696
141f6010-e1ef-4411-b8de-3c6b47472a84,Katz,3972,38280991
59e2a33c-9a89-412f-9e82-4566bb3628ea,Voonder,4762,4614840
31eda1ad-9e21-4a09-a896-ee57671d7c11,Gevee,1030,69247022
d90cac6a-789c-4b69-89c9-d72618188e40,Mita,44,24257327
d0c5f04c-618b-45e8-b8e5-de33b4ce5eb7,Quimm,2334,92675258
16c197fe-d7d0-4f36-b721-45bfce32c109,LiveZ,1158,60505956
53ccd42f-421c-4daf-aefe-5d775811c0b6,Topiczoom,4480,94737834
0f24345d-35f1-4789-88f6-3af2bfed81bf,Mydo,1087,73358347
c117a484-2304-40af-b612-0acc94483aab,Avamba,3219,62669979
9825f284-9965-4525-abc6-5b1264881e9f,Blogtags,621,64651132
e82e2f37-9465-46d2-a747-ae6b4f6af8cc,Eayo,2096,20547889
0e63c990-4ce0-4131-8a34-0bf3a6e5a59a,Youopia,183,80752934
f4ac8ed5-622f-4d95-9012-f678c25560b1,Skiptube,3992,72021882
cea77d6f-2b47-47bb-8670-63404901c64b,Trudoo,4697,85694820
2a859726-9a09-47f3-a7bd-af5202c7fb07,Zoomcast,1866,87646040
dc3d7bf5-142c-42ff-b3c3-9cc72376a6d8,Eire,2461,48292307
40f17efb-2612-44d5-8bec-548ed0eda808,Jaxspan,429,80378674
711564e9-cc1e-417a-ad2d-96923ece577d,Jaxnation,2386,91243225
dabda1c6-debd-45db-987c-99b140c634e0,Wordpedia,3553,52861949
0cb9574a-3767-4e51-96af-d05dcea89560,Feedspan,3494,66783622
665e67ee-f028-4528-8740-6ff9fafaf74f,Camido,88,38347680
7cfc127c-0e42-4dee-b0bc-eb73c5f06ecb,Eayo,1794,50575945
c7168c20-0194-493c-a44b-69da2811e91c,Lajo,2523,25483877
3ae25f54-0859-4498-86d7-406f7a2ca914,Rhynyx,3533,78684499
9ddb3fca-e412-4f97-a679-e385abdda428,Dabtype,4237,41502660
ac18bbf0-ca4c-4ee1-bb04-3078fbf0ab39,Tagfeed,2882,36565964
c9ff263b-e847-436c-ac57-857036b0ba06,Skyba,3197,39214012
f8b44791-de08-4a3b-86aa-ab26a3512ce5,Rhybox,1327,90772684
3639676a-47c8-4ae4-b58a-564c9a22fc3d,Innotype,2611,11859457
69659310-2577-40c1-9fdb-1c32ee73787c,Quire,2177,2193149
bca621c1-691f-41fe-b2e6-60e495235f4b,Skippad,4086,98366826
768d2bb9-ab81-4350-9ccb-fe52a13012cd,Twitterbridge,2919,76942821
3994b35e-190d-4a77-b6b6-2e92da04486f,Meezzy,1592,51114349
ee268eb9-48dd-4def-a859-7738868ad0d5,Yombu,2269,91003938
5cffbb26-d402-4fd2-b780-4849f7e4570e,Zoozzy,4490,15162253
08d4b701-9b07-40fb-a157-7ee8a2100cd4,Wordware,662,8919766
cb89d9aa-3910-4fdd-bfbb-29ebc50050cc,Kwilith,3716,68002945
a96e9365-3707-4b41-a11e-c5df5063fd56,Tambee,1285,70442214
acc20146-2421-4cbb-bb22-6a15774e7077,Kwideo,3580,65929444
d7cb82eb-1ec4-4c60-afcb-b5808187f4d2,Oyope,,
a1624efa-f53a-46ee-8016-70704bc22c08,Wikibox,1215,69003909
e6edf5e1-95ab-4704-8c8e-f89cd80c7386,Leexo,2170,12821740
40cad153-4f6f-4e66-9418-e65082369c73,Meevee,,
a6889151-1b8f-4ad8-9add-57c2f9250f6e,Quamba,2862,89976274
199b9285-ea56-45fa-a9b4-5751539814de,Wordpedia,3643,8824544
7df1429e-0613-4f3e-8ea0-d2bbac961c8b,Divape,4354,60302301
8f913c0e-ad5e-4327-a64d-6c0fbe29785c,Centimia,3578,41321239
bb61e8e9-7971-475a-afd9-256d20591b8f,Yabox,644,33821409
ba66fa0d-e683-4a29-8e06-f0bf91153974,Twimbo,4721,62566221
dcf7dc01-4f0a-43e5-a698-4f59d9a273e1,Midel,2174,81127220
2775c729-e6d9-4cd1-b0aa-5e36d5f493e5,Vipe,4895,43046297
1dd5bbe8-30a7-43a2-befc-d2880e32e389,Blogtag,382,22331067
4f88ae33-5819-4e9d-be0d-fbe8beba836a,Youspan,88,70867577
0ead38cc-1d40-470c-adab-c07112968b3d,Photobean,4300,90451466
f44b114b-177b-42a3-82ed-c542f9a092f0,Photobug,4317,71111223
0fbe2e3d-d960-4406-8a91-a0c02973215c,Leenti,2374,47260030
f1f2356f-255f-46bd-9094-334e1537d93b,Izio,,
ad0c297b-a073-4344-877a-39f57dc7242e,Latz,2430,44887814
31157cde-81de-4b22-96cb-e9c699afffd0,Oyope,3117,85031294
1d5c79f1-8ef9-468d-9122-a802be7dc997,Dabshots,3762,93624673
1a970631-030e-4088-b6ae-4206d90ed607,Yozio,2675,60449506
3f41bb02-f419-4069-af88-1539d805b51e,Mynte,4092,74486729
51965e11-06e3-4cca-8e5f-10ae00cb8817,Twimm,160,67780880
326ab4f9-5e88-4d07-a3b8-343bc13ceb94,Gevee,1970,15023082
bd07dc6c-7087-43aa-9d34-cf718c8fa2ba,Chatterpoint,4204,58699926
c2b43cd8-1fab-4494-9eab-2361544d543f,Pixoboo,860,69510609
8a5cd356-8d84-45a8-b357-470bba51cd8d,Babbleopia,648,91188031
9afd7f20-d0f3-401a-92ef-8f346304cf55,Zoozzy,908,87772553
73253ad5-6ab4-4806-b641-a9d2cebcb0de,Wikizz,156,80697800
2f61a897-ee6e-4a68-8ba3-48dea9fcb0e9,Eazzy,1110,9473487
fee12e03-4963-46e4-8db4-16ef52850141,Tekfly,2916,81797920
893c512e-6694-44f3-87c6-40b743f88dd3,Meemm,3579,22376797
0805485c-c01e-4042-88f5-1b00adf52727,Photobug,,
47b23759-01b2-4e8d-9c9a-7fb3bf7c71df,Leenti,3084,82233463
a8edf58b-375a-4c98-9fba-f6ef87210ae6,Twitterlist,2289,88044709
7eee602e-3dbd-46d8-86be-3c0843d1fa93,Agivu,1486,87994706
7ed83938-6e25-422e-9524-b27d4330e287,Mita,2380,88639350
7829237e-86c2-425b-8319-c189c37c85f2,Photojam,3782,91413918
b4cd286c-a269-40d5-a7cf-97147deff2ac,Quaxo,,
15dec089-7033-46d0-9bb4-8d766cc913e2,Twinte,2337,46231488
fd4bfd10-832f-405c-91e4-b9b013e6bd54,Tagopia,1152,83539611
83072a19-a464-4faf-bf85-da4dbe5e002d,Pixope,370,18514080
bb04907b-200f-4966-a201-c3cbaabbccf2,Twitterworks,4926,10169431
29c0ff1c-6b9e-430a-8fd2-2d5458bdc36c,Layo,4475,41451416
d423de94-3732-47eb-be47-62decdc46745,Roodel,3765,77609489
1d01cb55-4acd-4490-9d06-4aaa38c10a82,Mydeo,3148,54843303
96fddb22-7b8e-4495-8fb7-fa4b21bd6d76,Twitternation,694,39868324
5d8155c1-0b5e-4c6b-bdee-460137351890,Feedspan,1910,17775234
5e1e96ef-0f85-4af1-9dbd-6300122aef92,Talane,4314,89046986
8f2c63c0-c830-43dd-b989-f2055b367105,Shufflester,3569,77046928
d0c44a5b-c4eb-45b6-b572-f14f6e6d6c74,Gabcube,4106,46217645
e02a75f7-60f8-4f6e-bbf5-92f016a89b15,Bubbletube,1846,3431014
c18b2ecf-12ed-4b61-9415-23b81dbfdc4a,Vitz,3060,71924712
3a45eda6-c35b-445a-8d87-e63de101c40a,Rhynyx,293,57108931
16cd2fd3-aea4-4c8b-a89d-da730bb1ac3b,Quamba,1435,22305481
17d4271d-8932-48f5-8d37-b2c666f63ca2,Eayo,1927,87364738
c4712050-cef6-4145-96ca-0b2b143b818e,Tanoodle,1160,78838130
c31ba9dd-b154-4553-b8ea-688ff1d5a0d8,Quinu,1405,25157756
8daef1b6-fccf-4d96-a2a6-ebdfe9f83b66,Myworks,2593,11396485
fcd2cb68-3988-48eb-ace8-79887837646f,Skynoodle,1809,40702323
363069f4-3588-4988-8c14-e456b4a04520,Livetube,4232,86093209
a98e05f3-9734-4789-853a-9e4175de5e4c,Tazz,2203,50653961
7f42abb0-7c43-4758-b9c0-734b0f73b0a5,Skinte,3507,13237780
c2cf9107-e51e-4b5b-b0cd-6719a29a120b,Centidel,826,89700588
980f0605-e178-4dea-9565-443fb8295fb4,Oyoba,3918,11285902
93218c7e-97e5-47d4-a0e5-75e476373cee,Eare,3031,45572888
4bbc34fe-84a7-4b54-8aab-68982514d9c6,Twiyo,2238,98686348
016cc4fc-8bea-441c-ba35-924a8f873a48,Mydeo,1181,78837200
f237b1d7-96b9-419c-ae87-b8d101849f91,Gabtune,1059,18640476
16e416ba-74d9-4109-8c34-b96cb5d2aed3,Centidel,2166,61096561
c874418b-a464-40dc-8eee-d3d670b7c936,Livetube,923,86839962
1359d964-9dd4-4692-a12d-3acc7c23de26,Dynazzy,1359,15607807
637df940-da67-4e0b-ae08-adde2bf55105,Browsecat,1249,64910295
ba38157b-d7dc-49e4-8dba-eb9f16fcede8,Yodoo,1239,50787239
869dad2d-bbe9-486c-a8b1-58314e27ba60,Meeveo,339,93281203
f7ac4725-4bce-4dbb-9ac3-9257d938b160,Buzzster,1789,26387368
d46b340c-d473-476c-8d1b-fbbb1b6b925a,Tanoodle,2538,98187646
d4702265-6599-47da-8c16-aba8959cc9ed,Linkbuzz,933,49531797
0806c6f8-b65a-4355-9744-d46b5c15eecb,Buzzdog,1291,59748303
262fc722-acbf-416a-aabb-86f9e66db197,Yacero,3684,52461452
4de05ba2-f529-4cef-a5d0-8e70a8523c30,Divape,3396,80727553
1237d52c-7e9a-4b32-b927-4403bcab8b59,Yodo,,
f733d830-52ad-446e-9422-b403ba482829,Myworks,320,62427960
791063fb-5275-4851-b63a-e1147d4ed7a6,Quimm,4146,89547659
d01ff937-c00e-46ad-b83e-d90506f0315e,Oozz,2505,47713054
9efee79f-ac93-40cd-b291-0173d45d4b21,Voonyx,1479,13701072
2df522d6-8dec-4223-910c-465cab7f39f1,Yombu,2797,99421644
ad48b72d-ea5a-405a-9fa1-6c045c034595,Eare,2280,39621035
6be1ee81-f082-4189-ba03-a65cb3aa2881,Voolith,,
26d52ec1-2ed8-4a5f-8f93-3fe4a62493c1,Lazzy,915,14358834
fbb4203a-2e87-4378-8058-b4026db7b632,Photospace,2271,94970590
388bb43e-ef08-4b76-b567-4c3d46415fcd,Browseblab,3701,69188931
1181f9cd-7f68-4417-ab80-2295ba511776,Bubblemix,193,50398662
